rule,method,edges,mean_degree,mean_weight,transitivity,components,giant_share,share_same_region,share_same_type,median_edge_km,SW,CH,S_Dbw,AVI,AVU,MQ,Q,AVI@attr,AVU@attr,MQ@attr,Q@attr,sec
attr,spectral,20151,22.20495867768595,0.3169202556642511,0.31628432884353624,1,1.0,0.22237109820852563,0.5858766314326832,722.2,0.11830843316153868,269.59842664229905,0.46997878957607353,0.7736316312387849,0.0647624511717785,0.05271593852883473,0.5431305288156494,0.7736316312387849,0.0647624511717785,0.05271593852883473,0.5431305288156494,0.1473400592803955
attr,leiden,20151,22.20495867768595,0.3169202556642511,0.31628432884353624,1,1.0,0.22237109820852563,0.5858766314326832,722.2,0.09063012277629645,271.0380601397057,0.399747853301015,0.770486660476317,0.07490583643740396,0.02525522258022205,0.6411758148828092,0.770486660476317,0.07490583643740396,0.02525522258022205,0.6411758148828092,1.1081969738006592
attr,agc,20151,22.20495867768595,0.3169202556642511,0.31628432884353624,1,1.0,0.22237109820852563,0.5858766314326832,722.2,0.09575261484623357,310.20746235195526,0.41490956735130025,0.7690998521118768,0.0784535651160559,0.032234291492473095,0.6005877516642801,0.7690998521118768,0.0784535651160559,0.032234291492473095,0.6005877516642801,1.2136180400848389
cosine,spectral,17315,19.079889807162534,0.9463334805183328,0.41012906223324225,1,1.0,0.10193473866589663,0.5247473289055732,1162.4,0.0076576878290474425,152.84727842813797,0.6402671295411174,0.8103154739985625,0.07677103461186116,0.06861385411609221,0.6768073933258243,0.5269522742773118,0.0739254679140279,0.0167655572687736,0.37730137540199954,0.1083531379699707
cosine,leiden,17315,19.079889807162534,0.9463334805183328,0.41012906223324225,1,1.0,0.10193473866589663,0.5247473289055732,1162.4,0.012067756237284623,160.5921401179706,0.6000342488660771,0.8341703121588913,0.07994746785024485,0.0687479149448595,0.7120742117224672,0.50191847787037,0.07874574638378498,0.014622104958490083,0.38538241736378454,1.1041278839111328
cosine,agc,17315,19.079889807162534,0.9463334805183328,0.41012906223324225,1,1.0,0.10193473866589663,0.5247473289055732,1162.4,0.05366123550822194,225.99055902331503,0.5713878533063514,0.7667624337621866,0.07811260889406335,0.08476589177326346,0.6363733656034817,0.5765711270283009,0.07562102100161905,0.022838136318714022,0.43295242389073074,1.2296319007873535
corr,spectral,21250,23.415977961432507,0.5174319935166234,0.1927210137974109,1,1.0,0.1847529411764706,0.5015529411764705,825.9,-0.04391219721116907,73.92552143737035,0.8398435637414751,0.6867985943433494,0.07497056079503914,0.047454718880068796,0.5622095641120213,0.383483844911512,0.06997805928837743,0.012280634422875306,0.23791431787538056,0.300825834274292
corr,leiden,21250,23.415977961432507,0.5174319935166234,0.1927210137974109,1,1.0,0.1847529411764706,0.5015529411764705,825.9,-0.06774148634494198,55.49056599631259,0.8201548093049686,0.6939804097347663,0.07617733004005578,0.04316330074783492,0.5770905758324182,0.3598555901800743,0.07252022540224393,0.01076665163989212,0.23551268077162119,1.7683401107788086
corr,agc,21250,23.415977961432507,0.5174319935166234,0.1927210137974109,1,1.0,0.1847529411764706,0.5015529411764705,825.9,0.033220917233338004,227.04669103945167,0.5019929913824184,0.48034874080575984,0.08017026274805261,0.053282032579951205,0.3489017853504408,0.5577079351376317,0.0743132220514322,0.025013597200318784,0.36166549916377233,1.8754351139068604
lagcorr,spectral,18929,20.85840220385675,0.8873288155683499,0.1254755753915883,1,1.0,0.05689682497754768,0.43156004015003435,1668.8,-0.07107384717342549,25.48912915767768,0.9602481076395287,0.5711261111970476,0.06598933961061926,0.07024839056054734,0.4052746113361086,0.2378006126865476,0.06638084674939107,0.008012912542644872,0.09599190885237054,0.48270606994628906
lagcorr,leiden,18929,20.85840220385675,0.8873288155683499,0.1254755753915883,1,1.0,0.05689682497754768,0.43156004015003435,1668.8,-0.0710677923763946,22.261612739736844,0.9499303711788616,0.5590500731885972,0.07370676788956411,0.04856507685595134,0.43236097671248047,0.20408691479817115,0.07276336167902782,0.004871914211263187,0.07789456820597773,2.2061359882354736
lagcorr,agc,18929,20.85840220385675,0.8873288155683499,0.1254755753915883,1,1.0,0.05689682497754768,0.43156004015003435,1668.8,-0.023618961303783163,147.84701806950062,0.5888197389509295,0.34997727551215,0.075740054511126,0.05104041140259637,0.19663535730358822,0.38669617721764993,0.07282083951686567,0.01745117946307379,0.2112152139867468,2.319054126739502
dtw,spectral,18814,20.73168044077135,0.33271641814255565,0.22308834103780056,1,1.0,0.07590092484320186,0.45232273838630804,1446.9,-0.0711346911028244,33.29368613581084,0.934350926839252,0.6843296298498845,0.07654284039529277,0.022104950656263903,0.5566528792556844,0.24571216789007674,0.07497198609187745,0.006002421456363982,0.12661688844713478,0.45189499855041504
dtw,leiden,18814,20.73168044077135,0.33271641814255565,0.22308834103780056,1,1.0,0.07590092484320186,0.45232273838630804,1446.9,-0.07119747707750226,38.316329250136604,0.898693822357715,0.721546983385437,0.08059526379895399,0.02204538793152989,0.5981133374847367,0.25759475920901764,0.07656658138388873,0.006364629975026267,0.1342235445748977,2.264198064804077
dtw,agc,18814,20.73168044077135,0.33271641814255565,0.22308834103780056,1,1.0,0.07590092484320186,0.45232273838630804,1446.9,-0.00976366660395521,153.75489495524857,0.5937285823140483,0.48339833253104725,0.08012285310745618,0.02662787462225752,0.34437412686359736,0.4304682519201907,0.07141942830404568,0.022274041829673144,0.24476896850682361,2.395137071609497
geo,spectral,16410,18.082644628099175,0.4380244485791069,0.6252635124734311,14,0.9922865013774105,0.7074954296160878,0.600975015234613,118.3,-0.012663753053092924,45.99024355099609,0.7966636098006977,0.9871808398594484,0.07049004228951697,0.07475905727869249,0.6604172220920129,0.46241356377723175,0.0595220386469934,0.028002442645651396,0.3351259447503985,0.06974196434020996
geo,leiden,16410,18.082644628099175,0.4380244485791069,0.6252635124734311,14,0.9922865013774105,0.7074954296160878,0.600975015234613,118.3,-0.036837254673789906,52.959699065922216,0.7444463594232877,0.9818257989778431,0.07638573764773884,0.047808603906735976,0.7637459780310705,0.48765150468614626,0.06954888241786668,0.023050658764154935,0.32744650442139095,0.34771299362182617
geo,agc,16410,18.082644628099175,0.4380244485791069,0.6252635124734311,14,0.9922865013774105,0.7074954296160878,0.600975015234613,118.3,0.026970120184927993,187.3301016745011,0.5025376015470238,0.8053094354832714,0.066048739610648,0.04914068864867789,0.595376411496034,0.6333484310590696,0.06817963848499863,0.038567294293424946,0.4097149026543978,0.47104477882385254
hybrid,spectral,39067,43.04903581267217,0.21625532282423243,0.18562845218479004,1,1.0,0.18194384006962397,0.5325722476770676,805.6,0.031932955637750664,209.0366878823023,0.5673355552769754,0.6281367919252404,0.07141522714045705,0.03992529737155023,0.47880227028232575,0.6800980148272485,0.07304448471371686,0.029407876839227114,0.5058190777349607,0.298353910446167
hybrid,leiden,39067,43.04903581267217,0.21625532282423243,0.18562845218479004,1,1.0,0.18194384006962397,0.5325722476770676,805.6,0.0874687294930712,218.28766126841268,0.49258787119165476,0.633546349534287,0.07287332941945666,0.03224190507325206,0.5195281714229087,0.7299303149385015,0.07359872456843056,0.026238072888871172,0.6129253906510033,2.147336006164551
hybrid,agc,39067,43.04903581267217,0.21625532282423243,0.18562845218479004,1,1.0,0.18194384006962397,0.5325722476770676,805.6,0.08375290924604253,297.8524047388862,0.42244113493188,0.5990067308848813,0.07706622654557928,0.040365273773071544,0.45228353549023215,0.7348871137675517,0.07805001339374595,0.03323305502098028,0.5607262575923462,2.2707409858703613
