type,month,cons_total_rub,cons_level,share_food,share_marketplaces,share_catering,share_transport,share_health
0,2023-01,31633.0,0.45611496490628056,0.38421849924257195,0.11271004128146986,0.055132528373037455,0.07395282464534542,0.056071876449468316
0,2023-02,33048.0,0.45970529829141604,0.38137480798771123,0.11570128108203274,0.054191795602998125,0.07253511628355074,0.05592346564512186
0,2023-03,36502.0,0.4772514082301633,0.3773382482394366,0.1172406462585034,0.053146156542271575,0.07154716006567174,0.054913832018906504
0,2023-04,35181.0,0.48700580314168107,0.3777269894036983,0.11670684953163907,0.0546457323310946,0.07250423757875038,0.05292396671852805
0,2023-05,36523.0,0.5183736193126833,0.3796899382590407,0.11457612989399696,0.05680779376811973,0.07410984882051645,0.05039000061142314
0,2023-06,36990.0,0.5224356102656653,0.37671193153102395,0.11539599748455591,0.06010336138042968,0.07571571389621012,0.04793143402399127
0,2023-07,38360.0,0.5292248179599994,0.3693395831589521,0.11794640292198463,0.06235875115091656,0.07772795216741404,0.047699219418209975
0,2023-08,39217.0,0.5406116019031479,0.36304817320220606,0.1249119283440909,0.06221890299560203,0.07899092112729336,0.04904658934539022
0,2023-09,37325.0,0.5611564493022776,0.35620253373771765,0.1360077856533834,0.059701629309238856,0.07838264071801901,0.05133581033262562
0,2023-10,39569.0,0.5736667671003133,0.35178276307823214,0.15380891331438665,0.05651365474942058,0.07602358336062888,0.05278176363162014
0,2023-11,40317.0,0.5632777052427453,0.3549427695297082,0.1642874568452491,0.05183232313277156,0.07184449782588864,0.05096238635327028
0,2023-12,46329.0,0.5625999231233667,0.35972968289724483,0.16204226054786738,0.05271856022267206,0.07197902295126951,0.05148779672350384
0,2024-01,36404.0,0.5471165132152152,0.3656146418792333,0.15478651608604282,0.05416032360488888,0.07130748482242023,0.052499346603603364
0,2024-02,39297.0,0.5419385099104712,0.36343629855495163,0.14889067362714586,0.05795689112928232,0.07273814111891522,0.054420178832653834
0,2024-03,43304.0,0.5323298587152241,0.3592745793871447,0.15075500065368022,0.057221479954343145,0.07096838520654693,0.053381775477999195
0,2024-04,42446.0,0.538052584204177,0.36249972256541907,0.149743665948436,0.058505422453788404,0.07133450217744346,0.051519079697671624
0,2024-05,43589.0,0.5381024726160142,0.3651975605120852,0.1471164309031556,0.061168604550716134,0.07394666387472143,0.049430387336611106
0,2024-06,43885.0,0.5401167993663236,0.36634854323477506,0.14551867735720056,0.064191306226816,0.07588783862949065,0.047078510061863435
0,2024-07,44682.0,0.5277928772448988,0.35680940289596536,0.1461865473561548,0.06655638387006682,0.07756043883852319,0.04643064422518863
0,2024-08,45229.0,0.5377596488408631,0.3483816936083576,0.14955611365826593,0.06597416569139851,0.07812647475224162,0.04849793974649614
0,2024-09,42948.0,0.5441345739413244,0.3417172218743928,0.15764601370391676,0.06358978008682657,0.07665419679143003,0.05071470664821083
0,2024-10,44892.0,0.5564060236070709,0.3410645813399711,0.16915709416813937,0.05970287908463843,0.07485763395259551,0.05297430920206721
0,2024-11,45211.0,0.5529303415417548,0.3428104575163399,0.17822981635193333,0.054866072392134854,0.07038040242886058,0.0506027484441024
0,2024-12,53379.0,0.5543475353530578,0.34432157942195435,0.1833125495975513,0.05257959121647291,0.06780142739847154,0.04882593768932787
1,2023-01,31015.5,0.48891924663512043,0.4742205003607143,0.036627373344757186,0.026582511233453225,0.05248892574667387,0.03611920220377038
1,2023-02,35407.0,0.5013603784647955,0.47048334543305703,0.033423957973533105,0.027942134741634417,0.04986764798215047,0.03563084959636918
1,2023-03,39213.0,0.5141441607215995,0.47145511915172145,0.028317425911906093,0.026599846746408834,0.04695157788634961,0.03614908036960414
1,2023-04,34666.0,0.5227733277000981,0.475462742752659,0.027228857019575853,0.02866395968329332,0.04425428879675308,0.03237812418393405
1,2023-05,36096.0,0.561694616851546,0.47292751714965264,0.02668276189538981,0.030855085318578987,0.040147407794113375,0.029379644296852164
1,2023-06,40478.5,0.6114238926247877,0.4677469552807779,0.02871033726391091,0.036399841560003754,0.03871418077852655,0.02977738264898601
1,2023-07,44695.5,0.6653502917917447,0.44568512162234647,0.0333655068208714,0.04346762885578286,0.04441140751273971,0.03338555410972038
1,2023-08,44687.0,0.6695759012874634,0.4422474523617775,0.034938630538960264,0.04457040671031731,0.047786046518396914,0.03499165243659366
1,2023-09,38994.0,0.6306052561550315,0.4450859150714914,0.03825388945301379,0.04004595409156224,0.04641665611190496,0.03541211492391029
1,2023-10,39575.0,0.5805831070998293,0.448303338978252,0.04598491893842338,0.032552645204443814,0.04735207162183107,0.03386302619443951
1,2023-11,38674.5,0.5939771546353141,0.45018365525826715,0.042939710828929535,0.029456750244827017,0.04510931776487507,0.03288994350223688
1,2023-12,50585.5,0.5851679851591483,0.44982197453198536,0.05020699011376348,0.029515755444818464,0.04880768329750013,0.03316470290568955
1,2024-01,35307.0,0.5727878598038956,0.4524394288474949,0.04573630106522901,0.02795006231617469,0.048563066153796755,0.03363416060209353
1,2024-02,39861.0,0.5332168857431183,0.45371408247727396,0.052633839065183916,0.029781222885473302,0.05058392964271175,0.03574695866017242
1,2024-03,43179.0,0.5205197025002111,0.46087885979807985,0.052337714629740684,0.02978599967658052,0.049772410263351025,0.03508861688881316
1,2024-04,40482.5,0.5028900244462458,0.46384337473228376,0.05711579574174614,0.030719163032328134,0.04806027122569567,0.03156117939484984
1,2024-05,40927.5,0.5321829231812023,0.47030447538501097,0.059820970198785,0.032594289905011925,0.041915866270358385,0.028945881959277848
1,2024-06,46249.5,0.5743886442814512,0.4647312418980133,0.06480769394621078,0.03776923177180694,0.041127334829010445,0.028941687760620942
1,2024-07,48831.5,0.6106188581800378,0.4402305847869881,0.06588131126932006,0.04430569242100862,0.04236105669459031,0.03140066668578927
1,2024-08,50365.5,0.6315045151142273,0.4363396359044587,0.07031140368319318,0.04468045405859948,0.04527362300715122,0.03353591238573779
1,2024-09,42415.0,0.573527425261835,0.4316079327709626,0.07327062858583044,0.04030407478404905,0.04809445288498289,0.03293877297709577
1,2024-10,42924.0,0.5131918565243305,0.4370157371864808,0.07949455436781856,0.034125212872052675,0.04703855549359914,0.031798385493028464
1,2024-11,43957.5,0.5248438691588859,0.43390568351466036,0.0802447828146558,0.031086539816953307,0.046149062013188365,0.029462876509518378
1,2024-12,53422.5,0.5292201222525383,0.432065149617641,0.08432227579074056,0.02936986873799094,0.04701006958482688,0.02899502313462725
2,2023-01,30722.0,0.4339955296315452,0.42379505540917056,0.0919968327516936,0.04215419420976351,0.049577750472958475,0.04500183931223347
2,2023-02,33076.0,0.4445489666576101,0.42068418605923047,0.09139021799415298,0.04202059855381457,0.047618058080939274,0.0452143924979614
2,2023-03,36601.0,0.4729881889129448,0.42342231422129545,0.09154200280221741,0.041027832152545234,0.045099072085578826,0.04421797355344057
2,2023-04,34560.0,0.4955388504089271,0.4202210043486031,0.09224047096580856,0.04083250360087774,0.044461859979101355,0.042417909964199516
2,2023-05,36371.0,0.5129770019248348,0.41735562571404006,0.0937968515742129,0.043412264723740136,0.0447606029686387,0.039902525819053875
2,2023-06,37880.0,0.5525046564614744,0.4118405835779735,0.09387449819119871,0.047804598948417196,0.04720747958395636,0.038484697751132294
2,2023-07,40148.0,0.5558131270078768,0.4008818825021254,0.09549998692616771,0.051018247613181404,0.050026947951955655,0.0386306934493347
2,2023-08,39587.0,0.5475067154959579,0.4019887237314198,0.10174908295155781,0.05034829988275053,0.05093309360901629,0.0395686972857674
2,2023-09,36103.0,0.5342896306543778,0.40586025233654527,0.11155623279591033,0.046034463267712086,0.04994868286007526,0.04069663250843095
2,2023-10,36951.0,0.5117483633088291,0.4102272318915228,0.12901112736924492,0.042549554246835285,0.0480554333874862,0.04132711104919783
2,2023-11,35922.0,0.49311941358542377,0.41400101601472394,0.13434712726000816,0.03967851352292282,0.04526475037821483,0.039768036366168324
2,2023-12,43204.0,0.47465927563258603,0.4188510940575035,0.13561768869681845,0.04063303245860482,0.04558892840310211,0.04030682987193058
2,2024-01,33831.0,0.4842057648134226,0.4178249684099525,0.13577441144096988,0.04026244809084031,0.04523925457040415,0.04061877194647433
2,2024-02,37480.0,0.48890749931502064,0.4114322242034788,0.13424371227954818,0.04380528086641254,0.04458269768624459,0.04135341286915706
2,2024-03,41876.0,0.4963433319157886,0.40762016515320015,0.13757785149038204,0.042900056573254394,0.04377217457200923,0.04121279775301129
2,2024-04,41006.0,0.5046412037264005,0.4059302342363145,0.13755379479547922,0.04357532079451573,0.043500594390712834,0.039608228579311296
2,2024-05,42383.0,0.5234688767304494,0.4023423755508268,0.1372096413645641,0.04621991107300173,0.04302320518960337,0.03867348175395824
2,2024-06,43425.0,0.5362583416604227,0.39753521345150744,0.13628520130500693,0.04969800768432141,0.045747513541761715,0.037641154328732745
2,2024-07,46249.0,0.5490312524440792,0.3881406520552744,0.1375977284219534,0.05339682077241027,0.04851475591805217,0.03756530876329283
2,2024-08,45515.0,0.5378725441155634,0.3833763551884357,0.1421625917441915,0.05163488257013437,0.04888366909147562,0.039253855716295784
2,2024-09,40657.0,0.507095001166979,0.38012744591055425,0.15445628170525028,0.04678931597770404,0.04875411608590947,0.04042803423035855
2,2024-10,41570.0,0.48206183823314674,0.3850700079254255,0.1681931286725027,0.04298668285464962,0.04579626690290749,0.04141785647870736
2,2024-11,41019.0,0.46672811982681495,0.3905963112296209,0.17442154827603665,0.039700025859839665,0.04272654135888247,0.038747155738399645
2,2024-12,48964.0,0.4625522691972517,0.3909043982369992,0.17782319372864958,0.03831007386167722,0.04184083800824108,0.03708022089253911
3,2023-01,26835.0,0.28477477406742047,0.3853756695173557,0.08257936507936509,0.05588128469880143,0.0678811306047048,0.058462444028674135
3,2023-02,27648.0,0.2886089598778607,0.38292227460089723,0.08449927873620508,0.05603876895965763,0.06707512965257699,0.05817617457555378
3,2023-03,30911.0,0.3038135096888457,0.38538696145249557,0.08694800983763015,0.05544327674481272,0.06594121408568719,0.05729199500712368
3,2023-04,29860.0,0.33234200326036856,0.38779307778191285,0.08815991799077397,0.056305888464249935,0.06684298327704764,0.05536073037648149
3,2023-05,30751.0,0.3418167824228071,0.39596970161343287,0.08740229530245736,0.05798211027319476,0.0693934849886737,0.05308873436647126
3,2023-06,30546.0,0.34419784363262984,0.39705882352941174,0.08729048799610112,0.06124933348088977,0.07155746375458902,0.05047207817697251
3,2023-07,31920.0,0.34708654322455423,0.3912281120282456,0.09099740082438498,0.06334241217962149,0.07376952038872127,0.050252069996653465
3,2023-08,32814.0,0.36209821015447297,0.3843282223112503,0.09642204923635696,0.06344149156327304,0.07445725514335091,0.05183070937715885
3,2023-09,31122.0,0.37547902543960276,0.3761925225612376,0.10600559792308943,0.06164147416937341,0.07374301675977653,0.054661447005944615
3,2023-10,32523.0,0.38392117719378227,0.3717023183701155,0.12338677941131952,0.05734087243206834,0.07049574806092888,0.055937680531484686
3,2023-11,33251.0,0.3790191334396855,0.3758050723617982,0.13302290868972677,0.052827511029298335,0.06704400859988592,0.05441684193817215
3,2023-12,38406.0,0.3824038172498767,0.380321665089877,0.13304049750871016,0.05315273823480155,0.06664928971719014,0.05456006339841943
3,2024-01,30996.0,0.37181768245211977,0.38371448990530643,0.12666760682555353,0.053700318587768324,0.06655809629138992,0.05540278227110967
3,2024-02,33061.0,0.378341071879861,0.3785524128055051,0.12374318403883128,0.05719224163393902,0.06647829388076772,0.05711544682797318
3,2024-03,36705.0,0.3632890936135631,0.3767051159601303,0.1260151836158192,0.056729028364514184,0.06501757485761546,0.0561394681425989
3,2024-04,35848.0,0.36419831422868043,0.3793816360878509,0.12480600976136391,0.05814490868322406,0.0653665878657494,0.054035584021359946
3,2024-05,36345.0,0.36165587383645814,0.38385279338339595,0.12342040180235118,0.06002681440880143,0.06795878312070656,0.05185213939811535
3,2024-06,36936.0,0.35950601422215556,0.3864339618441264,0.12206954378999965,0.06246659030164185,0.07041089420654911,0.04943450277168049
3,2024-07,37965.0,0.3662881475083548,0.3785767137311345,0.12464064154940234,0.06422195162547853,0.0723722279725181,0.04880599449289545
3,2024-08,38915.0,0.37745954051059627,0.36908812011003234,0.1307736419560004,0.06324370189296753,0.07294904687267409,0.05121241057591459
3,2024-09,36421.0,0.3816655194580978,0.3608029995313233,0.13923830552971755,0.06107586061838322,0.07168107670684443,0.054296875
3,2024-10,38310.0,0.39607545011899603,0.3593521403122257,0.14955927385927217,0.05742547838682626,0.06941426272746876,0.0558447281089492
3,2024-11,38473.0,0.38746355879916017,0.36144261223897123,0.15592867870759042,0.05344506517690875,0.0653934670108205,0.052778802133458064
3,2024-12,44379.0,0.37534184490595024,0.3629450202794051,0.16077693883852134,0.05135840594095805,0.06337078651685393,0.050763923114834894
4,2023-01,22785.0,0.14819789637999037,0.4642358544797569,0.08274831287648897,0.022078954340722424,0.062055715658021135,0.052728333303872874
4,2023-02,24726.0,0.1474745664650463,0.46270732237270945,0.08416796951338676,0.021956759485151852,0.05900588717490126,0.05158760569136843
4,2023-03,26662.0,0.14656024762119202,0.46924726570877123,0.08581235697940502,0.021192697768762675,0.055271648513457915,0.04972521007240057
4,2023-04,24586.0,0.1497474029579653,0.47415008616637955,0.08449994552783527,0.021035922472554588,0.05472407433678536,0.04622405069276966
4,2023-05,25325.0,0.16176701693458284,0.48326888494493475,0.08269699431356621,0.0211528532815015,0.05516106460725114,0.042354978809389474
4,2023-06,26156.0,0.17455713735496126,0.4824862352322718,0.08304288528564935,0.022580595710759894,0.056620807675205165,0.03988778685634572
4,2023-07,27196.0,0.17848135570994828,0.4762244863797163,0.08381690020401432,0.025721897296138656,0.05744551352611337,0.03983324926564401
4,2023-08,27151.0,0.1739103588689197,0.46988401049365447,0.08905108350683479,0.025135435243446955,0.058549141264274795,0.041120606629524416
4,2023-09,25160.0,0.16594340330404833,0.46582391472715573,0.09735551181503879,0.023250862325937913,0.058138572335200464,0.04379551559200793
4,2023-10,25844.0,0.15897967433716076,0.4631658833397686,0.11108683779355542,0.020619686212639144,0.05688544501329888,0.04443581892152211
4,2023-11,26259.0,0.1670401202305758,0.466962381867481,0.12024431132609369,0.018026144153645472,0.05306563301233521,0.042809532441816685
4,2023-12,31862.0,0.1527824277334684,0.47061596118915683,0.12385626791626561,0.01778780450768997,0.053075254736669804,0.044709477224814644
4,2024-01,23814.0,0.1626029394109949,0.46920740835792807,0.12200033897291207,0.01791317696457999,0.05284188770237685,0.04529684878058824
4,2024-02,27325.0,0.16198258296018686,0.46527101450524455,0.12370184559081929,0.019279374595897254,0.05255519394845633,0.047244094488188976
4,2024-03,29891.0,0.16018275140116423,0.4636045459907979,0.12748695673881025,0.01999611961293139,0.05011508553654744,0.04518402766233334
4,2024-04,29309.0,0.1565823023046331,0.46685985651185946,0.12576931177310274,0.02044297050811323,0.049788058616931086,0.042393324176775424
4,2024-05,29596.0,0.16225113400902202,0.4695727130149533,0.12550547969290277,0.021552734872814394,0.04988739121085571,0.040176291658340545
4,2024-06,30222.0,0.15612021452236924,0.4688749149832353,0.12282216881946531,0.023605215435582073,0.0522294793353402,0.037711566538690316
4,2024-07,30880.0,0.1563257316031752,0.4577265861898009,0.1263118540871098,0.025535405872193436,0.053777199553941606,0.03716582256154408
4,2024-08,30958.0,0.15320210800128287,0.44901239967375506,0.1316446422272271,0.0256745953586449,0.0556946622048534,0.03904673610732399
4,2024-09,28157.0,0.14550798771547768,0.4382774171168046,0.1424723724973413,0.02427168358882474,0.055212799330753945,0.041209981371572155
4,2024-10,29850.0,0.15066311373495545,0.4346027628760636,0.15493520802659932,0.021954309696321814,0.05358817084053452,0.043137254901960784
4,2024-11,30123.0,0.15910245382788624,0.4372103120759837,0.1627716641028675,0.019895917121342806,0.05007110041566397,0.0404517902533844
4,2024-12,36644.0,0.16605573152321185,0.4377680295937408,0.16915095116528042,0.01873576756968983,0.04842922169987315,0.03892968955730462
5,2023-01,21718.0,0.08233321373233426,0.4453785376863494,0.10125162680775857,0.03129867479627953,0.05883038381306342,0.05575123917595973
5,2023-02,22777.0,0.08481326836365444,0.44381224592073204,0.10453563297934508,0.031168065781613838,0.05701362494854473,0.05525228265695824
5,2023-03,25057.5,0.08329254813783749,0.44593226932010965,0.10644310943619613,0.0297505009785913,0.05507089945780169,0.05338616424972423
5,2023-04,23068.5,0.08961911097081376,0.4507649238223537,0.10755855041494766,0.029487549490024648,0.054538481828474636,0.050230587026255796
5,2023-05,23770.5,0.08649770125925649,0.4613449238275963,0.10759528035135313,0.030584816728211298,0.05496314493291526,0.04669167397754498
5,2023-06,23750.0,0.08424122666212774,0.4635560530788906,0.1110807644752888,0.03308538116258829,0.05696138031511739,0.044501487717599264
5,2023-07,24810.5,0.08608483029513625,0.45936633997157683,0.11488984135600853,0.03509893054537841,0.05904245257596063,0.044248075508278015
5,2023-08,25037.0,0.09152225788026236,0.4509197808288279,0.12178983770792966,0.03518757037549939,0.06023037729643864,0.0461994891886645
5,2023-09,23597.0,0.09608932639113199,0.44149716846712994,0.13163923862446347,0.0333877677733156,0.05933063857290109,0.04904456378570936
5,2023-10,24464.0,0.10316667462039941,0.434162854729472,0.1496667778035698,0.030962787797972905,0.05687993142349167,0.05044083863328268
5,2023-11,25303.0,0.10275817964122957,0.4372424083541321,0.1605953757642723,0.02816925840143429,0.053203929654393634,0.048110696066020475
5,2023-12,29589.0,0.10606661282342955,0.4408643927506576,0.15883199140245907,0.02814085822483346,0.05289459522659795,0.049033336217049556
5,2024-01,23426.0,0.10308786399023973,0.4442695849389265,0.15282073950062652,0.02825564860317529,0.05184279802977093,0.050174162739686404
5,2024-02,25572.5,0.10913786257160751,0.4404115788439059,0.15062828890329616,0.030059178001144295,0.051995461295109,0.05192013666439853
5,2024-03,28198.0,0.10255466552464831,0.4380635174651285,0.15374816788728835,0.029845666000278943,0.05061552305276837,0.050173803022477384
5,2024-04,27671.5,0.10471077985668753,0.44109144176811343,0.1531027172053636,0.03074065818454342,0.05111173855670245,0.04783456914535977
5,2024-05,27877.5,0.09886078784411279,0.4456382340849742,0.1515869205536946,0.032374520929600234,0.05286239424701142,0.04516097220971953
5,2024-06,28394.0,0.10023358965467732,0.44795065044993276,0.15184545950617367,0.03486105019347294,0.055425338037241506,0.0431153689898909
5,2024-07,29123.357142857145,0.09995691851353516,0.4364181149699399,0.15742143801636177,0.03702369743204566,0.05706384817560389,0.042368997035849745
5,2024-08,29648.0,0.11027317431216144,0.4250757445662625,0.16453560387209248,0.03728066784916791,0.05826067498853661,0.04514345933085162
5,2024-09,27618.0,0.1124952228256273,0.4119662118682367,0.1739309486539465,0.03544541320355711,0.05736277373089968,0.04793706874330296
5,2024-10,29059.0,0.12074256524314375,0.4083034252669605,0.18494250919066507,0.032693251732664776,0.05594148545272853,0.049825103553806906
5,2024-11,29544.0,0.11908351882691992,0.40865947222797516,0.1928089180994269,0.029820454045672205,0.05222862642461813,0.04701693853973957
5,2024-12,34243.5,0.11945236136541038,0.40863666235071877,0.1980594536927307,0.02825848381306549,0.050281571330115175,0.04500051151191288
6,2023-01,18562.0,-0.05381287340840313,0.47568105222538604,0.10115959131815896,0.020079945465709657,0.07485768299918998,0.05124863482783622
6,2023-02,20374.5,-0.051100573069152055,0.47816080212710665,0.10162915892018132,0.020407867637775304,0.0718583215753049,0.05031869743606911
6,2023-03,21982.0,-0.0422088517973318,0.48461053317442926,0.10410077769735679,0.019597892088265723,0.06777656702873495,0.048408022807642365
6,2023-04,20206.0,-0.040858806136358616,0.48920967779714597,0.10456226564974733,0.01941660511281837,0.0642732142514709,0.04412996683516644
6,2023-05,21177.5,-0.025569495416833732,0.4931939862343042,0.10436344987478584,0.01848785213140145,0.06408073873632764,0.039825148894314835
6,2023-06,21796.5,-0.010560696707588413,0.48963111102007784,0.10502678280064921,0.020112499052276425,0.06642360978877213,0.03634708380127707
6,2023-07,22560.0,0.0029146074531389843,0.48269572849479003,0.10870029739423735,0.021737366870199573,0.06826970142237695,0.03623961531739248
6,2023-08,23118.0,-0.002724134814894086,0.4780138265005287,0.11660944172583701,0.021666392573157105,0.0720929838208054,0.03824962764972517
6,2023-09,20751.0,-0.009921217522827597,0.46494152726897153,0.12740069662884526,0.021413845441393273,0.07256542531846147,0.041012719634137516
6,2023-10,21835.0,-0.01903386693724407,0.4631414272902181,0.1441252975410659,0.01851662727755703,0.07089820779721112,0.04240595378455088
6,2023-11,22098.5,-0.027515727826211922,0.46767293723029085,0.15659809882679063,0.01714451488749669,0.06503761772357271,0.04101745357835865
6,2023-12,26527.0,-0.03478829555215057,0.47182707362781995,0.15666258371024502,0.01640526495612873,0.06438443765160477,0.0421203536028287
6,2024-01,19772.0,-0.038201801067176966,0.4768669538341149,0.15704264056187223,0.016233698715300428,0.0625691842287777,0.04348258722846097
6,2024-02,22237.0,-0.036146299940491566,0.4726005481841287,0.15554985599940102,0.017299115700404245,0.06587639210210959,0.04602886237607792
6,2024-03,24483.0,-0.0333791445558731,0.4723984710981235,0.15944928123537033,0.017195468953231836,0.062816420628729,0.0441649921169005
6,2024-04,24271.642857142855,-0.02586158926057891,0.47617928079153327,0.15537122850826754,0.017348689356989546,0.061257451302461664,0.040648133857749236
6,2024-05,24851.0,-0.019611919387680032,0.4757321751762489,0.15396724244172266,0.01864458610134297,0.06076521777232652,0.037569033295917084
6,2024-06,25707.5,-0.0018058910491474123,0.4738544379342785,0.15255278739764944,0.020842252312621264,0.06289926372156897,0.0350735242487825
6,2024-07,26548.5,0.00360433024178608,0.4608204237971185,0.15922076898988236,0.02271568359079879,0.06466182489732364,0.03465404571020449
6,2024-08,26767.0,0.008449539515671844,0.4475557237385195,0.16599115114940832,0.02251184908091744,0.06871361715075894,0.03709063288611254
6,2024-09,24366.0,-0.011109228065843801,0.4337638535715931,0.17491630882702286,0.021257215180552617,0.06934366211680767,0.0397887137857057
6,2024-10,25630.0,-0.022413184717875012,0.4335824001209322,0.18651913878199747,0.019450236313967993,0.06970904991897456,0.04205986540127981
6,2024-11,24877.0,-0.02371637298037399,0.43934091770409867,0.1942100496771887,0.017293718388949213,0.06504420039742168,0.03979931443589044
6,2024-12,30351.0,-0.027510525026822386,0.4399427796347061,0.19911121158428005,0.016571993066828366,0.06244798575312213,0.03820026147878357
7,2023-01,17288.0,-0.13412054560345155,0.48064925452046103,0.10452596180544843,0.01720647773279352,0.0614174646534386,0.059903435885919606
7,2023-02,18490.0,-0.13805353931611286,0.48042656061137756,0.10823804059668422,0.016924607237939208,0.05933209353855894,0.05910864406097904
7,2023-03,19891.0,-0.14352686241908508,0.4889303676051226,0.10945954616421072,0.015393736633705296,0.056280776735111025,0.0561049900349716
7,2023-04,18014.0,-0.1519707595703217,0.4994529435476131,0.11051208574157723,0.014196682419837698,0.05426767555062895,0.05227579284168261
7,2023-05,18603.0,-0.15701039222078705,0.5124440876247276,0.10981791945926447,0.014078383470321526,0.05423187728723818,0.04750796540737369
7,2023-06,18712.0,-0.15706629880729217,0.513806071525603,0.11445707510984031,0.015440751123570507,0.05549646935751024,0.04484281172730484
7,2023-07,19486.0,-0.15707650620918834,0.5089039902422025,0.11952465794870072,0.01680103483544913,0.05714891327387455,0.04449204621273309
7,2023-08,19583.0,-0.1570364759658336,0.5004821900762172,0.12642068321581507,0.01700344212136665,0.05797360290046615,0.04638886378016813
7,2023-09,18262.0,-0.1583180300651268,0.4903934908208266,0.13617840794909009,0.01587079143748029,0.05701982845435289,0.04954675078462299
7,2023-10,18708.0,-0.16062365293476866,0.48308572575787995,0.15347010896240307,0.01456201687141162,0.054156681405474735,0.051221056594732424
7,2023-11,19400.0,-0.15693811858846018,0.4833214322146282,0.16452264439956077,0.012744725852811974,0.05004492857273844,0.04946813110784398
7,2023-12,23082.0,-0.15431661362005578,0.48666760971814543,0.16513725179969937,0.012562005857754754,0.0493089960886571,0.050779235899738866
7,2024-01,17711.0,-0.15422598882954297,0.4897109988286099,0.16235508662237855,0.012538846101878123,0.048655850199843045,0.05218590580139993
7,2024-02,19868.0,-0.1562973106959369,0.486163920574567,0.16092444661259833,0.013485224672606008,0.049041335079413044,0.05445358947349627
7,2024-03,21710.0,-0.1528442016882412,0.48261582832799726,0.16541677574338995,0.013479874808938058,0.04775162406141904,0.05189040523603954
7,2024-04,21484.0,-0.15332562093434632,0.4861333504131172,0.16290968511003068,0.013863257865598416,0.048526675218153244,0.04884496034938513
7,2024-05,21516.0,-0.15638999790301966,0.49248326426522154,0.16146782796570117,0.014887220462693525,0.05003816470189127,0.045177165354330716
7,2024-06,21946.0,-0.1585015653998365,0.4942500574228619,0.16261370208738632,0.01609038000684697,0.05180958543507993,0.04272444034156474
7,2024-07,22418.0,-0.16184764827540654,0.48173579413904877,0.17151051625239006,0.017746466942440458,0.05314504392820569,0.041724637893411055
7,2024-08,22681.0,-0.1624802689566529,0.4683101932382428,0.17965309890942377,0.017874409481448736,0.05362780263034163,0.04454430671898123
7,2024-09,20729.0,-0.16887526377967532,0.4547468456031078,0.192087567143379,0.017027863777089786,0.052994469239779955,0.04741536757514699
7,2024-10,22058.0,-0.16533531017199543,0.44788223537550925,0.20304065966853826,0.015480321990697404,0.05146389297471458,0.04997629438724031
7,2024-11,21971.0,-0.16360600816140192,0.4453382342546123,0.21314545050620456,0.013495598684908261,0.04786754929013626,0.047063560974995915
7,2024-12,25978.0,-0.16582581769584515,0.4448299791811242,0.21841128114871972,0.012440795705715189,0.04603047651119717,0.045405619137578804
