month,cons_level
2023-01,0.22808884475398652
2023-02,0.22966023169901958
2023-03,0.23637915215581462
2023-04,0.2465482136436374
2023-05,0.25794406098430106
2023-06,0.26421404556886335
2023-07,0.2689917995172548
2023-08,0.26952565782701104
2023-09,0.2690050297025899
2023-10,0.2653505444455503
2023-11,0.2620679293255828
2023-12,0.2591069037196706
2024-01,0.25640201651246225
2024-02,0.2556801120330039
2024-03,0.25246716729305746
2024-04,0.2538631862318517
2024-05,0.2566401727910781
2024-06,0.2634638599649762
2024-07,0.2684210776950682
2024-08,0.2699286802251484
2024-09,0.2673482483678833
2024-10,0.26482789058660344
2024-11,0.26304225030832384
2024-12,0.2634112651906055
