territory_id,name,region_name,modal_cluster,n_switches,type_confidence
2351,внутригородская территория города федерального значения муниципальный округ Коломна,Санкт-Петербург,3,7,0.6666666666666666
2352,внутригородская территория города федерального значения муниципальный округ Сенной округ,Санкт-Петербург,1,0,1.0
2353,внутригородская территория города федерального значения муниципальный округ Адмиралтейский округ,Санкт-Петербург,1,0,1.0
2354,внутригородская территория города федерального значения муниципальный округ Семеновский,Санкт-Петербург,3,1,0.875
2355,внутригородская территория города федерального значения муниципальный округ Измайловское,Санкт-Петербург,1,0,1.0
2356,внутригородская территория города федерального значения муниципальный округ Екатерингофский,Санкт-Петербург,3,0,1.0
2357,внутригородская территория города федерального значения муниципальный округ № 7,Санкт-Петербург,1,0,1.0
2358,внутригородская территория города федерального значения муниципальный округ Васильевский,Санкт-Петербург,1,0,1.0
2359,внутригородская территория города федерального значения муниципальный округ Гавань,Санкт-Петербург,1,0,1.0
2360,внутригородская территория города федерального значения муниципальный округ Морской,Санкт-Петербург,1,0,1.0
2361,внутригородская территория города федерального значения муниципальный округ Остров Декабристов,Санкт-Петербург,1,0,1.0
2362,внутригородская территория города федерального значения поселок Левашово,Санкт-Петербург,4,3,0.7916666666666666
2363,внутригородская территория города федерального значения поселок Парголово,Санкт-Петербург,2,4,0.5833333333333334
2364,внутригородская территория города федерального значения муниципальный округ Сампсониевское,Санкт-Петербург,1,0,1.0
2365,внутригородская территория города федерального значения муниципальный округ Светлановское,Санкт-Петербург,1,0,1.0
2366,внутригородская территория города федерального значения муниципальный округ Сосновское,Санкт-Петербург,3,1,0.75
2367,внутригородская территория города федерального значения муниципальный округ № 15,Санкт-Петербург,3,0,1.0
2368,внутригородская территория города федерального значения муниципальный округ Сергиевское,Санкт-Петербург,3,0,1.0
2369,внутригородская территория города федерального значения муниципальный округ Шувалово-Озерки,Санкт-Петербург,1,2,0.6666666666666666
2370,внутригородская территория города федерального значения поселок Лисий Нос,Санкт-Петербург,2,2,0.875
2371,внутригородская территория города федерального значения муниципальный округ Лахта-Ольгино,Санкт-Петербург,2,1,0.9166666666666666
2372,внутригородская территория города федерального значения муниципальный округ № 65,Санкт-Петербург,1,0,1.0
2373,внутригородская территория города федерального значения муниципальный округ Ланское,Санкт-Петербург,1,0,1.0
2374,внутригородская территория города федерального значения муниципальный округ Комендантский аэродром,Санкт-Петербург,1,0,1.0
2375,внутригородская территория города федерального значения муниципальный округ Озеро Долгое,Санкт-Петербург,1,0,1.0
2376,внутригородская территория города федерального значения муниципальный округ Юнтолово,Санкт-Петербург,2,3,0.625
2377,внутригородская территория города федерального значения муниципальный округ Коломяги,Санкт-Петербург,1,0,1.0
2378,внутригородская территория города федерального значения муниципальный округ Гражданка,Санкт-Петербург,3,1,0.6666666666666666
2379,внутригородская территория города федерального значения муниципальный округ Академическое,Санкт-Петербург,1,3,0.5416666666666666
2380,внутригородская территория города федерального значения муниципальный округ Финляндский округ,Санкт-Петербург,3,0,1.0
2381,внутригородская территория города федерального значения муниципальный округ № 21,Санкт-Петербург,3,0,1.0
2382,внутригородская территория города федерального значения муниципальный округ Пискаревка,Санкт-Петербург,2,1,0.75
2383,внутригородская территория города федерального значения муниципальный округ Северный,Санкт-Петербург,3,0,1.0
2384,внутригородская территория города федерального значения муниципальный округ Прометей,Санкт-Петербург,3,0,1.0
2385,внутригородская территория города федерального значения муниципальный округ Княжево,Санкт-Петербург,3,0,1.0
2386,внутригородская территория города федерального значения муниципальный округ Ульянка,Санкт-Петербург,3,0,1.0
2387,внутригородская территория города федерального значения муниципальный округ Дачное,Санкт-Петербург,3,0,1.0
2388,внутригородская территория города федерального значения муниципальный округ Автово,Санкт-Петербург,3,0,1.0
2389,внутригородская территория города федерального значения муниципальный округ Нарвский округ,Санкт-Петербург,3,0,1.0
2390,внутригородская территория города федерального значения муниципальный округ Красненькая речка,Санкт-Петербург,3,0,1.0
2391,внутригородская территория города федерального значения муниципальный округ Морские ворота,Санкт-Петербург,4,3,0.625
2392,внутригородская территория города федерального значения город Колпино,Санкт-Петербург,4,0,1.0
2393,внутригородская территория города федерального значения поселок Металлострой,Санкт-Петербург,4,0,1.0
2394,внутригородская территория города федерального значения поселок Петро-Славянка,Санкт-Петербург,4,0,1.0
2395,внутригородская территория города федерального значения поселок Понтонный,Санкт-Петербург,4,0,1.0
2398,внутригородская территория города федерального значения муниципальный округ Полюстрово,Санкт-Петербург,3,0,1.0
2399,внутригородская территория города федерального значения муниципальный округ Большая Охта,Санкт-Петербург,3,4,0.625
2400,внутригородская территория города федерального значения муниципальный округ Малая Охта,Санкт-Петербург,1,4,0.6666666666666666
2401,внутригородская территория города федерального значения муниципальный округ Пороховые,Санкт-Петербург,3,0,1.0
2402,внутригородская территория города федерального значения муниципальный округ Ржевка,Санкт-Петербург,3,0,1.0
2403,внутригородская территория города федерального значения город Красное Село,Санкт-Петербург,4,0,1.0
2404,внутригородская территория города федерального значения муниципальный округ Юго-Запад,Санкт-Петербург,3,0,1.0
2405,внутригородская территория города федерального значения муниципальный округ Южно-Приморский,Санкт-Петербург,1,0,1.0
2406,внутригородская территория города федерального значения муниципальный округ Сосновая поляна,Санкт-Петербург,3,1,0.9583333333333334
2407,внутригородская территория города федерального значения муниципальный округ Урицк,Санкт-Петербург,3,0,1.0
2408,внутригородская территория города федерального значения муниципальный округ Константиновское,Санкт-Петербург,3,3,0.7083333333333334
2409,внутригородская территория города федерального значения муниципальный округ Горелово,Санкт-Петербург,4,0,1.0
2410,внутригородская территория города федерального значения город Кронштадт,Санкт-Петербург,4,0,1.0
2411,внутригородская территория города федерального значения город Зеленогорск,Санкт-Петербург,4,0,1.0
2412,внутригородская территория города федерального значения город Сестрорецк,Санкт-Петербург,2,0,1.0
2416,внутригородская территория города федерального значения поселок Песочный,Санкт-Петербург,2,0,1.0
2422,внутригородская территория города федерального значения город Ломоносов,Санкт-Петербург,4,0,1.0
2423,внутригородская территория города федерального значения муниципальный округ Московская застава,Санкт-Петербург,1,0,1.0
2424,внутригородская территория города федерального значения муниципальный округ Гагаринское,Санкт-Петербург,1,2,0.9166666666666666
2425,внутригородская территория города федерального значения муниципальный округ Новоизмайловское,Санкт-Петербург,3,1,0.9583333333333334
2426,внутригородская территория города федерального значения муниципальный округ Пулковский меридиан,Санкт-Петербург,1,2,0.9166666666666666
2427,внутригородская территория города федерального значения муниципальный округ Звездное,Санкт-Петербург,1,0,1.0
2428,внутригородская территория города федерального значения муниципальный округ Невская застава,Санкт-Петербург,3,0,1.0
2429,внутригородская территория города федерального значения муниципальный округ Ивановский,Санкт-Петербург,3,0,1.0
2430,внутригородская территория города федерального значения муниципальный округ Обуховский,Санкт-Петербург,3,0,1.0
2431,внутригородская территория города федерального значения муниципальный округ Рыбацкое,Санкт-Петербург,3,0,1.0
2432,внутригородская территория города федерального значения муниципальный округ Народный,Санкт-Петербург,4,2,0.8333333333333334
2433,внутригородская территория города федерального значения муниципальный округ № 54,Санкт-Петербург,3,0,1.0
2434,внутригородская территория города федерального значения муниципальный округ Невский округ,Санкт-Петербург,3,2,0.9166666666666666
2435,внутригородская территория города федерального значения муниципальный округ Оккервиль,Санкт-Петербург,3,0,1.0
2436,внутригородская территория города федерального значения муниципальный округ Правобережный,Санкт-Петербург,1,4,0.6666666666666666
2437,внутригородская территория города федерального значения город Павловск,Санкт-Петербург,4,2,0.5833333333333334
2439,внутригородская территория города федерального значения муниципальный округ Введенский,Санкт-Петербург,1,0,1.0
2440,внутригородская территория города федерального значения муниципальный округ Кронверкское,Санкт-Петербург,1,0,1.0
2441,внутригородская территория города федерального значения муниципальный округ Посадский,Санкт-Петербург,1,2,0.7916666666666666
2442,внутригородская территория города федерального значения муниципальный округ Аптекарский остров,Санкт-Петербург,0,0,1.0
2443,внутригородская территория города федерального значения муниципальный округ округ Петровский,Санкт-Петербург,1,2,0.7083333333333334
2444,внутригородская территория города федерального значения муниципальный округ Чкаловское,Санкт-Петербург,0,0,1.0
2445,внутригородская территория города федерального значения город Петергоф,Санкт-Петербург,4,0,1.0
2446,внутригородская территория города федерального значения поселок Стрельна,Санкт-Петербург,3,2,0.8333333333333334
2447,внутригородская территория города федерального значения город Пушкин,Санкт-Петербург,2,0,1.0
2449,внутригородская территория города федерального значения поселок Шушары,Санкт-Петербург,4,0,1.0
2450,внутригородская территория города федерального значения муниципальный округ Волковское,Санкт-Петербург,3,0,1.0
2451,внутригородская территория города федерального значения муниципальный округ № 72,Санкт-Петербург,3,0,1.0
2452,внутригородская территория города федерального значения муниципальный округ Купчино,Санкт-Петербург,3,0,1.0
2453,внутригородская территория города федерального значения муниципальный округ Георгиевский,Санкт-Петербург,3,0,1.0
2454,внутригородская территория города федерального значения муниципальный округ № 75,Санкт-Петербург,3,0,1.0
2455,внутригородская территория города федерального значения муниципальный округ Балканский,Санкт-Петербург,3,0,1.0
2456,внутригородская территория города федерального значения муниципальный округ Дворцовый округ,Санкт-Петербург,1,2,0.9166666666666666
2457,внутригородская территория города федерального значения муниципальный округ № 78,Санкт-Петербург,1,0,1.0
2458,внутригородская территория города федерального значения муниципальный округ Литейный округ,Санкт-Петербург,1,0,1.0
2459,внутригородская территория города федерального значения муниципальный округ Смольнинское,Санкт-Петербург,1,0,1.0
2460,внутригородская территория города федерального значения муниципальный округ Лиговка-Ямская,Санкт-Петербург,1,0,1.0
2461,внутригородская территория города федерального значения муниципальный округ Владимирский округ,Санкт-Петербург,1,0,1.0
2462,внутригородская территория города федерального значения муниципальный округ Богородское,Москва,2,0,1.0
2463,внутригородская территория города федерального значения муниципальный округ Вешняки,Москва,3,2,0.7916666666666666
2464,внутригородская территория города федерального значения муниципальный округ Восточное Измайлово,Москва,2,0,1.0
2465,внутригородская территория города федерального значения муниципальный округ Восточный,Москва,4,0,1.0
2466,внутригородская территория города федерального значения муниципальный округ Гольяново,Москва,2,6,0.5416666666666666
2467,внутригородская территория города федерального значения муниципальный округ Ивановское,Москва,2,2,0.9583333333333334
2468,внутригородская территория города федерального значения муниципальный округ Измайлово,Москва,1,1,0.7916666666666666
2469,внутригородская территория города федерального значения муниципальный округ Косино-Ухтомский,Москва,2,0,1.0
2470,внутригородская территория города федерального значения муниципальный округ Новогиреево,Москва,2,0,1.0
2471,внутригородская территория города федерального значения муниципальный округ Новокосино,Москва,2,0,1.0
2472,внутригородская территория города федерального значения муниципальный округ Метрогородок,Москва,4,0,1.0
2473,внутригородская территория города федерального значения муниципальный округ Перово,Москва,2,2,0.7916666666666666
2474,внутригородская территория города федерального значения муниципальный округ Северное Измайлово,Москва,3,0,1.0
2475,внутригородская территория города федерального значения муниципальный округ Соколиная гора,Москва,1,3,0.625
2476,внутригородская территория города федерального значения муниципальный округ Сокольники,Москва,0,4,0.6666666666666666
2477,внутригородская территория города федерального значения муниципальный округ Преображенское,Москва,1,1,0.8333333333333334
2478,внутригородская территория города федерального значения муниципальный округ Внуково,Москва,4,1,0.5416666666666666
2479,внутригородская территория города федерального значения муниципальный округ Дорогомилово,Москва,0,0,1.0
2480,внутригородская территория города федерального значения муниципальный округ Крылатское,Москва,0,0,1.0
2481,внутригородская территория города федерального значения муниципальный округ Кунцево,Москва,1,1,0.8333333333333334
2482,внутригородская территория города федерального значения муниципальный округ Можайский,Москва,2,0,1.0
2483,внутригородская территория города федерального значения муниципальный округ Ново-Переделкино,Москва,2,0,1.0
2484,внутригородская территория города федерального значения муниципальный округ Очаково-Матвеевское,Москва,1,3,0.75
2485,внутригородская территория города федерального значения муниципальный округ Проспект Вернадского,Москва,0,0,1.0
2486,внутригородская территория города федерального значения муниципальный округ Раменки,Москва,0,0,1.0
2487,внутригородская территория города федерального значения муниципальный округ Солнцево,Москва,2,2,0.6666666666666666
2488,внутригородская территория города федерального значения муниципальный округ Тропарево-Никулино,Москва,0,0,1.0
2489,внутригородская территория города федерального значения муниципальный округ Филевский парк,Москва,0,0,1.0
2490,внутригородская территория города федерального значения муниципальный округ Фили-Давыдково,Москва,1,1,0.8333333333333334
2491,внутригородская территория города федерального значения муниципальный округ Крюково,Москва,2,0,1.0
2492,внутригородская территория города федерального значения муниципальный округ Матушкино,Москва,2,0,1.0
2493,внутригородская территория города федерального значения муниципальный округ Силино,Москва,2,0,1.0
2494,внутригородская территория города федерального значения муниципальный округ Аэропорт,Москва,0,0,1.0
2495,внутригородская территория города федерального значения муниципальный округ Беговой,Москва,0,0,1.0
2496,внутригородская территория города федерального значения муниципальный округ Бескудниковский,Москва,2,0,1.0
2497,внутригородская территория города федерального значения муниципальный округ Войковский,Москва,0,2,0.8333333333333334
2498,внутригородская территория города федерального значения муниципальный округ Восточное Дегунино,Москва,2,0,1.0
2499,внутригородская территория города федерального значения муниципальный округ Головинский,Москва,2,0,1.0
2500,внутригородская территория города федерального значения муниципальный округ Дмитровский,Москва,2,1,0.875
2501,внутригородская территория города федерального значения муниципальный округ Западное Дегунино,Москва,2,0,1.0
2502,внутригородская территория города федерального значения муниципальный округ Коптево,Москва,2,0,1.0
2503,внутригородская территория города федерального значения муниципальный округ Левобережный,Москва,0,2,0.9583333333333334
2504,внутригородская территория города федерального значения муниципальный округ Молжаниновский,Москва,4,3,0.8333333333333334
2505,внутригородская территория города федерального значения муниципальный округ Савеловский,Москва,1,1,0.875
2506,внутригородская территория города федерального значения муниципальный округ Сокол,Москва,0,2,0.9166666666666666
2507,внутригородская территория города федерального значения муниципальный округ Тимирязевский,Москва,1,1,0.7916666666666666
2508,внутригородская территория города федерального значения муниципальный округ Ховрино,Москва,1,1,0.8333333333333334
2509,внутригородская территория города федерального значения муниципальный округ Хорошевский,Москва,0,0,1.0
2510,внутригородская территория города федерального значения муниципальный округ Алексеевский,Москва,1,2,0.7916666666666666
2511,внутригородская территория города федерального значения муниципальный округ Алтуфьевский,Москва,4,3,0.625
2512,внутригородская территория города федерального значения муниципальный округ Бабушкинский,Москва,2,0,1.0
2513,внутригородская территория города федерального значения муниципальный округ Бибирево,Москва,2,3,0.875
2514,внутригородская территория города федерального значения муниципальный округ Бутырский,Москва,1,1,0.7916666666666666
2515,внутригородская территория города федерального значения муниципальный округ Лианозово,Москва,2,0,1.0
2516,внутригородская территория города федерального значения муниципальный округ Лосиноостровский,Москва,2,0,1.0
2517,внутригородская территория города федерального значения муниципальный округ Марфино,Москва,1,1,0.7916666666666666
2518,внутригородская территория города федерального значения муниципальный округ Марьина роща,Москва,1,1,0.875
2519,внутригородская территория города федерального значения муниципальный округ Останкинский,Москва,0,4,0.5833333333333334
2520,внутригородская территория города федерального значения муниципальный округ Отрадное,Москва,2,0,1.0
2521,внутригородская территория города федерального значения муниципальный округ Ростокино,Москва,1,2,0.7083333333333334
2522,внутригородская территория города федерального значения муниципальный округ Свиблово,Москва,1,3,0.625
2523,внутригородская территория города федерального значения муниципальный округ Северное Медведково,Москва,2,0,1.0
2524,внутригородская территория города федерального значения муниципальный округ Северный,Москва,2,0,1.0
2525,внутригородская территория города федерального значения муниципальный округ Южное Медведково,Москва,2,0,1.0
2526,внутригородская территория города федерального значения муниципальный округ Ярославский,Москва,2,3,0.5
2527,внутригородская территория города федерального значения муниципальный округ Куркино,Москва,0,0,1.0
2528,внутригородская территория города федерального значения муниципальный округ Митино,Москва,1,2,0.7083333333333334
2529,внутригородская территория города федерального значения муниципальный округ Покровское-Стрешнево,Москва,1,1,0.75
2530,внутригородская территория города федерального значения муниципальный округ Северное Тушино,Москва,2,0,1.0
2531,внутригородская территория города федерального значения муниципальный округ Строгино,Москва,1,2,0.5833333333333334
2532,внутригородская территория города федерального значения муниципальный округ Хорошево-Мневники,Москва,0,0,1.0
2533,внутригородская территория города федерального значения муниципальный округ Щукино,Москва,0,0,1.0
2534,внутригородская территория города федерального значения муниципальный округ Южное Тушино,Москва,2,0,1.0
2535,внутригородская территория города федерального значения муниципальный округ Арбат,Москва,0,0,1.0
2536,внутригородская территория города федерального значения муниципальный округ Басманный,Москва,0,0,1.0
2537,внутригородская территория города федерального значения муниципальный округ Замоскворечье,Москва,0,1,0.7916666666666666
2538,внутригородская территория города федерального значения муниципальное образование Савелки,Москва,1,3,0.5
2539,внутригородская территория города федерального значения муниципальный округ Красносельский,Москва,1,2,0.7916666666666666
2540,внутригородская территория города федерального значения муниципальный округ Мещанский,Москва,0,0,1.0
2541,внутригородская территория города федерального значения муниципальный округ Пресненский,Москва,0,0,1.0
2542,внутригородская территория города федерального значения муниципальный округ Таганский,Москва,0,0,1.0
2543,внутригородская территория города федерального значения муниципальный округ Тверской,Москва,0,0,1.0
2544,внутригородская территория города федерального значения муниципальный округ Хамовники,Москва,0,0,1.0
2545,внутригородская территория города федерального значения муниципальный округ Якиманка,Москва,0,0,1.0
2546,внутригородская территория города федерального значения муниципальный округ Выхино-Жулебино,Москва,2,0,1.0
2547,внутригородская территория города федерального значения муниципальный округ Капотня,Москва,4,0,1.0
2548,внутригородская территория города федерального значения муниципальный округ Кузьминки,Москва,3,2,0.75
2549,внутригородская территория города федерального значения муниципальный округ Лефортово,Москва,1,1,0.8333333333333334
2550,внутригородская территория города федерального значения муниципальный округ Люблино,Москва,4,1,0.875
2551,внутригородская территория города федерального значения муниципальный округ Марьино,Москва,2,0,1.0
2552,внутригородская территория города федерального значения муниципальный округ Некрасовка,Москва,4,4,0.7916666666666666
2553,внутригородская территория города федерального значения муниципальный округ Нижегородский,Москва,4,3,0.6666666666666666
2554,внутригородская территория города федерального значения муниципальный округ Печатники,Москва,4,0,1.0
2555,внутригородская территория города федерального значения муниципальный округ Рязанский,Москва,2,0,1.0
2556,внутригородская территория города федерального значения муниципальный округ Текстильщики,Москва,2,2,0.7916666666666666
2557,внутригородская территория города федерального значения муниципальный округ Южнопортовый,Москва,1,0,1.0
2558,внутригородская территория города федерального значения муниципальный округ Академический,Москва,0,0,1.0
2559,внутригородская территория города федерального значения муниципальный округ Гагаринский,Москва,0,0,1.0
2560,внутригородская территория города федерального значения муниципальный округ Зюзино,Москва,1,1,0.8333333333333334
2561,внутригородская территория города федерального значения муниципальный округ Коньково,Москва,1,1,0.8333333333333334
2562,внутригородская территория города федерального значения муниципальный округ Котловка,Москва,2,0,1.0
2563,внутригородская территория города федерального значения муниципальный округ Ломоносовский,Москва,0,0,1.0
2564,внутригородская территория города федерального значения муниципальный округ Обручевский,Москва,0,0,1.0
2565,внутригородская территория города федерального значения муниципальный округ Северное Бутово,Москва,2,2,0.5416666666666666
2566,внутригородская территория города федерального значения муниципальный округ Теплый Стан,Москва,1,1,0.8333333333333334
2567,внутригородская территория города федерального значения муниципальный округ Черемушки,Москва,0,0,1.0
2568,внутригородская территория города федерального значения муниципальный округ Южное Бутово,Москва,2,0,1.0
2569,внутригородская территория города федерального значения муниципальный округ Ясенево,Москва,2,0,1.0
2570,внутригородская территория города федерального значения муниципальный округ Бирюлево Восточное,Москва,4,3,0.6666666666666666
2571,внутригородская территория города федерального значения муниципальный округ Бирюлево Западное,Москва,4,0,1.0
2572,внутригородская территория города федерального значения муниципальный округ Братеево,Москва,2,0,1.0
2573,внутригородская территория города федерального значения муниципальный округ Даниловский,Москва,1,3,0.8333333333333334
2574,внутригородская территория города федерального значения муниципальный округ Донской,Москва,1,1,0.875
2575,внутригородская территория города федерального значения муниципальный округ Зябликово,Москва,2,0,1.0
2576,внутригородская территория города федерального значения муниципальный округ Москворечье-Сабурово,Москва,2,0,1.0
2577,внутригородская территория города федерального значения муниципальный округ Нагатино-Садовники,Москва,1,1,0.7916666666666666
2578,внутригородская территория города федерального значения муниципальный округ Нагатинский затон,Москва,1,1,0.7916666666666666
2579,внутригородская территория города федерального значения муниципальный округ Нагорный,Москва,1,1,0.8333333333333334
2580,внутригородская территория города федерального значения муниципальный округ Орехово-Борисово Северное,Москва,2,0,1.0
2581,внутригородская территория города федерального значения муниципальный округ Орехово-Борисово Южное,Москва,2,0,1.0
2582,внутригородская территория города федерального значения муниципальный округ Царицыно,Москва,2,4,0.6666666666666666
2583,внутригородская территория города федерального значения муниципальный округ Чертаново Северное,Москва,1,1,0.8333333333333334
2584,внутригородская территория города федерального значения муниципальный округ Чертаново Центральное,Москва,2,0,1.0
2585,внутригородская территория города федерального значения муниципальный округ Чертаново Южное,Москва,2,0,1.0
2586,внутригородская территория города федерального значения муниципальный округ Старое Крюково,Москва,2,0,1.0
2587,внутригородская территория города федерального значения городской округ Троицк,Москва,2,0,1.0
2588,внутригородская территория города федерального значения городской округ Щербинка,Москва,4,0,1.0
2589,внутригородская территория города федерального значения поселение Внуковское,Москва,0,3,0.7083333333333334
2590,внутригородская территория города федерального значения поселение Воскресенское,Москва,2,0,1.0
2591,внутригородская территория города федерального значения поселение Вороновское,Москва,4,0,1.0
2592,внутригородская территория города федерального значения поселение Десеновское,Москва,2,0,1.0
2593,внутригородская территория города федерального значения поселение Киевский,Москва,4,0,1.0
2595,внутригородская территория города федерального значения поселение Кокошкино,Москва,4,0,1.0
2596,внутригородская территория города федерального значения поселение Краснопахорское,Москва,4,0,1.0
2597,внутригородская территория города федерального значения поселение Марушкинское,Москва,4,0,1.0
2598,внутригородская территория города федерального значения поселение Михайлово-Ярцевское,Москва,4,0,1.0
2599,внутригородская территория города федерального значения поселение Московский,Москва,1,1,0.7916666666666666
2600,"внутригородская территория города федерального значения поселение Мосрентген""""",Москва,4,2,0.9166666666666666
2601,внутригородская территория города федерального значения поселение Новофедоровское,Москва,4,0,1.0
2602,внутригородская территория города федерального значения поселение Первомайское,Москва,2,0,1.0
2604,внутригородская территория города федерального значения поселение Рязановское,Москва,4,4,0.6666666666666666
2605,внутригородская территория города федерального значения поселение Сосенское,Москва,0,3,0.75
2606,внутригородская территория города федерального значения поселение Филимонковское,Москва,4,0,1.0
2607,внутригородская территория города федерального значения поселение Щаповское,Москва,4,0,1.0
