k,method,SW,CH,S_Dbw,AVI,AVU,MQ,Q,stability,stability_sd
4,kmeans,0.17321202363759142,535.4002955248759,0.5057520202420608,0.8588017868247643,0.1905949033655084,0.019306639125708906,0.5291929747908461,0.9364070610990499,0.035605377831257425
4,agc,0.18787252637616397,529.6477480009275,0.506105915332416,0.8668602326068106,0.18389950181316891,0.020740890921882343,0.5215822049540411,0.9369065633067434,0.032602135594435734
4,spectral,0.21662105504024118,423.0721635631112,0.6471299125046834,0.8770864543944499,0.18081431143887583,0.02222596619388953,0.5075955438251631,0.8415082016461988,0.07857474578888257
5,kmeans,0.15221074896526568,459.9255079356613,0.4604478600751331,0.8294204336724817,0.13675291461437178,0.021279480114195667,0.5636705063532008,0.9326879541746761,0.05731460830801516
5,agc,0.14521802085393026,454.6171531511731,0.46004587222918286,0.8390127874921289,0.1381214701224343,0.02149775819187703,0.5757687639340234,0.8690174453106765,0.06904031951868461
5,spectral,0.1760860272001044,412.8949090158149,0.4591532547652246,0.8658151303966413,0.12257754449577048,0.03526886754553745,0.534704919977707,0.9090198462175669,0.04784474401700973
6,kmeans,0.11270285647228506,398.1936128955096,0.4300961687420748,0.8063852647835676,0.11238408442283408,0.023141036189112674,0.5825239214122322,0.9195640694597108,0.04174204850719993
6,agc,0.11232453694786973,391.75108843834664,0.43314210781193135,0.8099340490022188,0.11197639306714176,0.024120891042664874,0.5853963363279354,0.8919120657548854,0.05168013897283143
6,spectral,0.1573139060223327,357.2423805456277,0.44077642661291977,0.8400908448614105,0.09534784675422116,0.037516857913173246,0.5605625067554227,0.8866291101046233,0.05961873842819739
7,kmeans,0.11034657805649416,350.9047941456175,0.40727483263109987,0.7626716440050049,0.0900218878894139,0.024683720520117032,0.5778899260118283,0.7343941886789885,0.12742259309369627
7,agc,0.10690470133104159,344.2383197337564,0.4443567287177076,0.792021596429757,0.09527469344288714,0.03524592784981863,0.582725676626814,0.899444198870474,0.04994727829230289
7,spectral,0.14929797768881573,311.79429349688587,0.4711617956072189,0.8143826208919546,0.07980114513320331,0.049775681724183646,0.5608546487046007,0.8985041437131409,0.027745801977732278
8,kmeans,0.10030602855390923,316.1660261949355,0.39739723507749886,0.7439164897640513,0.07599098212651337,0.02715384953138012,0.5808665210033376,0.594808393834751,0.15791346176689972
8,agc,0.09575261484623357,310.20746235195526,0.41490956735130025,0.7690998521118768,0.0784535651160559,0.032234291492473095,0.6005877516642801,0.7624428480713161,0.13834506022504683
8,spectral,0.11830843316153868,269.59842664229905,0.46997878957607353,0.7736316312387849,0.0647624511717785,0.05271593852883473,0.5431305288156494,0.8317270170677113,0.0612044661985471
9,kmeans,0.10055711563557891,289.220407155096,0.40548553876271537,0.7338029351919152,0.06783951071943266,0.0317470821397839,0.5874188934863851,0.6525187355770832,0.12150082137338868
9,agc,0.08484877340762285,281.37528275116176,0.408403863872415,0.7470410446155287,0.06944218558636106,0.03564135361391239,0.5922771359928155,0.646704737547638,0.1683403182561321
9,spectral,0.09052644794501478,256.34577047892105,0.4378376664871144,0.7729319318874315,0.05911325392048958,0.05602041398642902,0.5839267102341783,0.5255415359002205,0.1247757429315928
10,kmeans,0.0982501421128232,268.19532078947395,0.4021998568579731,0.7276028882110672,0.05765311004713951,0.038186295821050764,0.585948581010047,0.6875605444509253,0.11623032309705006
10,agc,0.0866090641982208,261.9892570771405,0.395969638131318,0.7325036925731583,0.059875699822090685,0.04152211026498704,0.5840540166237531,0.5842586638496067,0.1217310085039432
10,spectral,0.0910111721989217,237.36083632122737,0.39963535619482404,0.7853245671431288,0.049366567629742224,0.069116598256802,0.6054621431786811,0.6050753094554061,0.14593983647477216
11,kmeans,0.1000370000543963,249.78747423815082,0.39467630972367257,0.7132727345790152,0.051026301584123676,0.04346232359019935,0.5799809150526221,0.599218595584704,0.10034503208694276
11,agc,0.09452315182944225,244.93194673424884,0.3861927581711289,0.7309609700888856,0.05172713644587571,0.05686611290534008,0.5918123588227455,0.6526957844513437,0.11105884061457351
11,spectral,0.07741061095480216,223.97763080097587,0.3888627638264392,0.76827557246221,0.04530600439282039,0.06637461190273368,0.6070143599974571,0.5494189081520726,0.07351206467253552
12,kmeans,0.09069828695143904,234.95070804065514,0.3792705037616059,0.7052135024205081,0.04690113883872059,0.040797379600457165,0.5856501790717947,0.5920067431753864,0.095590307603062
12,agc,0.08409876465939324,229.73821865263406,0.37185364270417004,0.7097362428196438,0.047295541378555093,0.05000981295626649,0.5876420296565755,0.5806451673595772,0.09466082141833139
12,spectral,0.0761137874072611,214.27655931910942,0.3768059711367305,0.7484798304814663,0.042180551362021756,0.06288051192156117,0.6054095589152082,0.6217072238229984,0.09570263252757505
13,kmeans,0.09492314479617858,221.27841243235332,0.3701625106975661,0.7079084458430445,0.0420680645434777,0.05076951104073102,0.5865568941914759,0.597019944841521,0.07945624150855594
13,agc,0.08766910563061475,217.53529058772386,0.3717386949973336,0.7098295380695789,0.042945015639539154,0.06009986569090832,0.5904680536961091,0.5635476009230175,0.07871298917303146
13,spectral,0.07629606161473555,203.14563394760265,0.3518570815640912,0.740698322399396,0.03619527334298909,0.07156051154004271,0.5988942830019996,0.5621858644898315,0.06960924098525932
14,kmeans,0.09134024413398578,210.7763023467662,0.35111015109850996,0.6826590837185267,0.03844515301727844,0.053086520945390424,0.5752624514114758,0.6148504576798988,0.0703955344809644
14,agc,0.08204209788827742,205.52350200134453,0.3509322266218681,0.7036321752159315,0.03856279306572133,0.06440179981628741,0.5821725069461142,0.5769428508239275,0.07208100055708028
14,spectral,0.066080982128526,173.07716253410118,0.39338040971049976,0.7062608725841102,0.03454655816909417,0.06710044857281448,0.5962131357674437,0.6186489017520863,0.06200512074841828
