method,SW,CH,S_Dbw,AVI,AVU,MQ,Q,k_mean,ARI_consecutive,NMI_consecutive,switch_rate,never_switch_share,ARI_first_last,bootstrap_ARI,rank_icvi
kmeans,0.10372780505965072,307.0122649882734,0.4296197257216852,0.7538121075327554,0.07494835195657044,0.030828884631689993,0.5820338945979135,8.0,0.669209531109833,0.7485751723821837,0.19959276560067077,0.06942148760330578,0.5334218903808706,0.5923924954989748,5.166666666666667
ward,0.0726785724664286,268.6780348491747,0.4684608314826284,0.7494620144967833,0.07463138188226827,0.03583067367611091,0.5563830201761969,8.0,0.4538848078860993,0.5797111278128584,0.3703677087076296,0.007162534435261708,0.28998520610486833,0.3795253993673118,6.666666666666667
spectral,0.1159132269079448,264.22385846329894,0.48343653624002575,0.7872752150241519,0.06612754437007794,0.051774413463943465,0.557832503641596,8.0,0.8919378540794031,0.8570475901033171,0.06470235956401965,0.5707988980716253,0.5875784354098541,0.8289552846039164,4.0
leiden,0.07632112505889108,251.38569337708637,0.42495872703598475,0.7802798153303464,0.07358030441651874,0.02885756403561344,0.6435562216744933,8.0,0.6436679304826344,0.7189847972422565,0.23938196191160618,0.10909090909090909,0.43266569425694323,0.5330118285758683,5.666666666666667
agc,0.10241894970885716,300.16384690262004,0.44200101649227835,0.7751180424528109,0.07753698530484716,0.0371568961315025,0.5900825205791964,8.0,0.7852779687271725,0.8168245361661313,0.12236195951610973,0.2892561983471074,0.4829396202312517,0.7620418602578968,5.333333333333333
agc_evolutionary,0.1069769578018439,296.56204660875915,0.4529965836984666,0.7756136764314228,0.07649635158714861,0.04528725748105331,0.5765290057265283,8.0,0.9131209981429478,0.9054240237336554,0.035956401964307105,0.6870523415977962,0.6357119009812229,0.7620418602578968,4.833333333333333
kmeans_evolutionary,0.10335595099544548,306.3730184667938,0.4527589331490612,0.7637225713445108,0.07436530113971941,0.03531185704112145,0.5811659733345236,8.0,0.9062071340787455,0.907488310171202,0.03717810516229489,0.6539944903581267,0.5335088158277436,0.5923924954989748,5.0
spectral_evolutionary,0.11776189343239825,264.8281314492187,0.48214257318218207,0.7875845119574617,0.06555259994182965,0.05227789960541219,0.554170002184571,8.0,0.9465473897317372,0.9145387296618057,0.03111749910168882,0.70633608815427,0.6690930842604836,0.8289552846039164,3.0
temporal_leiden,0.06672765309513828,243.8236886378772,0.4222124075721985,0.7825746680767898,0.06614797894016518,0.03405011220122306,0.6365989440767704,8.5,0.8338506163637627,0.8594440159229176,0.15841418133908253,0.15041322314049588,0.45600687436990767,,5.333333333333333
