variant,ARI_ref_month,ARI_panel,switch_rate,J_type1,J_type2,J_type3,J_type4,J_type5,J_type6,J_type7,J_type8
consumption_level ×0.5,0.7788015192209939,0.7751812722592419,0.019068151874475983,0.809,0.886,0.828,0.868,0.762,0.773,0.606,0.875
consumption_level ×1.5,0.46401473656687436,0.5874097279296024,0.06606779255000599,0.767,0.441,0.607,0.67,0.429,0.401,0.279,0.661
consumption_level ×0.0,0.6852606391588653,0.6847943351115479,0.027572164331057608,0.753,0.884,0.835,0.857,0.634,0.709,0.519,0.816
consumption_structure ×0.5,0.5727256626770867,0.6030616486229026,0.05413822014612527,0.918,0.809,0.804,0.833,0.495,0.802,0.26,0.61
consumption_structure ×1.5,0.81700475941216,0.7565396425428852,0.042328422565576715,0.95,0.875,0.768,0.863,0.693,0.856,0.404,0.891
consumption_structure ×0.0,0.5678785844592881,0.6011517644130382,0.029368786681039653,0.885,0.717,0.811,0.798,0.573,0.809,0.224,0.586
seasonality ×0.5,0.8633479432130385,0.7264441636598309,0.06515750389268175,0.919,0.607,0.529,0.807,0.411,0.884,0.45,0.948
seasonality ×1.5,0.8990640356638506,0.8949862157293325,0.020313810037130193,0.983,0.673,0.785,0.93,0.695,0.937,0.44,0.949
seasonality ×0.0,0.4438466038627307,0.5396196406605446,0.09486166007905139,0.733,0.427,0.785,0.82,0.303,0.45,0.314,0.609
industry ×0.5,0.6543133766097973,0.6481069422309197,0.05205413822014613,0.871,0.822,0.654,0.841,0.537,0.736,0.289,0.78
industry ×1.5,0.5593114384145071,0.4988504270117774,0.07112229009462209,0.871,0.824,0.88,0.719,0.452,0.671,0.26,0.706
industry ×0.0,0.6325209540949308,0.5844334181708937,0.041034854473589656,0.869,0.593,0.521,0.818,0.504,0.744,0.265,0.759
labour ×0.5,0.9119071801375208,0.8692860014265925,0.027620074260390468,0.9,0.692,0.66,0.899,0.725,0.926,0.61,0.961
labour ×1.5,0.8309308834905064,0.842508040978759,0.023499820337765,0.889,0.636,0.471,0.782,0.308,0.841,0.351,0.935
labour ×0.0,0.8748527094988705,0.8462068027431665,0.02766798418972332,0.869,0.692,0.627,0.859,0.68,0.892,0.59,0.938
geography ×0.5,0.6665992939411866,0.685516959545089,0.08333932207449996,0.767,0.673,0.4,0.221,0.354,0.496,0.295,0.884
geography ×1.5,0.7161357564373888,0.7082543904545586,0.025248532758414183,0.806,0.769,0.69,0.897,0.524,0.853,0.216,0.793
geography ×0.0,0.5684945050165128,0.5637864575581563,0.055623427955443776,0.705,0.698,0.365,0.381,0.199,0.521,0.337,0.797
kNN k=10,0.9357690474721481,0.8962270149194184,0.038591448077614075,0.918,0.674,0.667,0.929,0.772,0.925,0.817,0.98
kNN k=20,0.9035541553978607,0.7838171334197832,0.053395616241466055,0.95,0.913,0.94,0.953,0.803,0.895,0.6,0.955
σ: сосед №4,0.9906265434177256,0.9718689060315172,0.03305785123966942,1.0,1.0,0.949,0.964,0.942,0.985,0.945,1.0
σ: сосед №10,0.9970196114737333,0.9862267210455609,0.030877949455024555,1.0,1.0,0.988,0.988,0.971,0.998,0.957,1.0
эволюц. α=0.6,0.9904164947357312,0.9819871846006434,0.034543059048987905,1.0,1.0,0.987,0.988,0.975,0.991,0.958,0.995
эволюц. α=1.0,0.9413083586526408,0.9257684785300108,0.06470235956401965,0.984,0.886,0.877,0.965,0.865,0.934,0.873,0.973
seed=1,1.0,1.0,0.03111749910168882,1.0,1.0,1.0,1.0,1.0,1.0,1.0,1.0
seed=7,1.0,1.0,0.03111749910168882,1.0,1.0,1.0,1.0,1.0,1.0,1.0,1.0
